sr_no,file_no,reason
1,DGGI/INT/INTL/13/2026-DD/AD-IV,"{'message': ""Could not find the 'adjudication_formation' column of 'dggi_records' in the schema cache"", 'code': 'PGRST204', 'hint': None, 'details': None}"
2,DGGI/INT/INTL/14/2026-DD/AD-IV,"{'message': ""Could not find the 'adjudication_formation' column of 'dggi_records' in the schema cache"", 'code': 'PGRST204', 'hint': None, 'details': None}"
3,DGGI/INT/INTL/26/2026-Gr D-O/o Pr. ADG-DGGI-ZU-MUM,"{'message': ""Could not find the 'adjudication_formation' column of 'dggi_records' in the schema cache"", 'code': 'PGRST204', 'hint': None, 'details': None}"
4,DGGI/INT/INTL/28/2026-Gr B-O/o Pr. ADG-DGGI-ZU-MUMBAI,"{'message': ""Could not find the 'adjudication_formation' column of 'dggi_records' in the schema cache"", 'code': 'PGRST204', 'hint': None, 'details': None}"
5,DGGI/INT/INTL/25/2026-Gr B-O/o Pr. ADG-DGGI-ZU-MUMBAI,"{'message': ""Could not find the 'adjudication_formation' column of 'dggi_records' in the schema cache"", 'code': 'PGRST204', 'hint': None, 'details': None}"
6,DGGI/INV/GST/39/2026-DD/AD-I-O/o Pr. ADG-DGGI-ZU-MUMBAI,"{'message': ""Could not find the 'adjudication_formation' column of 'dggi_records' in the schema cache"", 'code': 'PGRST204', 'hint': None, 'details': None}"
7,DGGI/INV/4/2026-Gr A-O/o Pr. ADG-DGGI-ZU-MUMBAI,"{'message': ""Could not find the 'adjudication_formation' column of 'dggi_records' in the schema cache"", 'code': 'PGRST204', 'hint': None, 'details': None}"
8,DGGI/INT/INTL/43/2026-Gr B-O/o Pr. ADG-DGGI-ZU-MUMBAI,"{'message': ""Could not find the 'adjudication_formation' column of 'dggi_records' in the schema cache"", 'code': 'PGRST204', 'hint': None, 'details': None}"
9,DGGI/INT/INTL/1175/2025-Gr D-O/o Pr. ADG-DGGI-ZU-MUMBAI,"{'message': ""Could not find the 'adjudication_formation' column of 'dggi_records' in the schema cache"", 'code': 'PGRST204', 'hint': None, 'details': None}"
10,DGGI/INT/4/2026-Gr C-O/o Pr. ADG-DGGI-ZU-MUMBAI,"{'message': ""Could not find the 'adjudication_formation' column of 'dggi_records' in the schema cache"", 'code': 'PGRST204', 'hint': None, 'details': None}"
11,DGGI/INT/INTL/58/2026-Gr C-O/o Pr. ADG-DGGI-ZU-MUMBAI,"{'message': ""Could not find the 'adjudication_formation' column of 'dggi_records' in the schema cache"", 'code': 'PGRST204', 'hint': None, 'details': None}"
12,DGGI/INT/INTL/63/2026-Gr B-O/o Pr. ADG-DGGI-ZU-MUMBAI,"{'message': ""Could not find the 'adjudication_formation' column of 'dggi_records' in the schema cache"", 'code': 'PGRST204', 'hint': None, 'details': None}"
13,DGGI/INT/INTL/64/2026-Gr B-O/o Pr. ADG-DGGI-ZU-MUMBAI,"{'message': ""Could not find the 'adjudication_formation' column of 'dggi_records' in the schema cache"", 'code': 'PGRST204', 'hint': None, 'details': None}"
14,DGGI/INT/MISC/16/2026-Gr A-O/o Pr. ADG-DGGI-ZU-MUMBAI,"{'message': ""Could not find the 'adjudication_formation' column of 'dggi_records' in the schema cache"", 'code': 'PGRST204', 'hint': None, 'details': None}"
15,DGGI/INT/INTL/68/2026-Gr B-O/o Pr. ADG-DGGI-ZU-MUMBAI,"{'message': ""Could not find the 'adjudication_formation' column of 'dggi_records' in the schema cache"", 'code': 'PGRST204', 'hint': None, 'details': None}"
16,DGGI/INT/INTL/72/2026-Gr C-O/o Pr. ADG-DGGI-ZU-MUMBAI,"{'message': ""Could not find the 'adjudication_formation' column of 'dggi_records' in the schema cache"", 'code': 'PGRST204', 'hint': None, 'details': None}"
17,DGGI/INV/GST/3086/2024-Gr A-O/o Pr. ADG-DGGI-ZU-MUMBAI,"{'message': ""Could not find the 'adjudication_formation' column of 'dggi_records' in the schema cache"", 'code': 'PGRST204', 'hint': None, 'details': None}"
18,DGGI/INT/INTL/89/2026-Gr C-O/o Pr. ADG-DGGI-ZU-MUMBAI,"{'message': ""Could not find the 'adjudication_formation' column of 'dggi_records' in the schema cache"", 'code': 'PGRST204', 'hint': None, 'details': None}"
19,DGGI/INT/INTL/86/2026-Gr D-O/o Pr. ADG-DGGI-ZU-MUMBAI,"{'message': ""Could not find the 'adjudication_formation' column of 'dggi_records' in the schema cache"", 'code': 'PGRST204', 'hint': None, 'details': None}"
20,DGGI/INT/INTL/94/2026-Gr C-O/o Pr. ADG-DGGI-ZU-MUMBAI,"{'message': ""Could not find the 'adjudication_formation' column of 'dggi_records' in the schema cache"", 'code': 'PGRST204', 'hint': None, 'details': None}"
21,DGGI/INT/INTL/103/2026-Gr D-O/o Pr. ADG-DGGI-ZU-MUMBAI,"{'message': ""Could not find the 'adjudication_formation' column of 'dggi_records' in the schema cache"", 'code': 'PGRST204', 'hint': None, 'details': None}"
22,DGGI/INT/INTL/106/2026-Gr B-O/o Pr. ADG-DGGI-ZU-MUMBAI,"{'message': ""Could not find the 'adjudication_formation' column of 'dggi_records' in the schema cache"", 'code': 'PGRST204', 'hint': None, 'details': None}"
23,DGGI/INT/INTL/920/2025-Gr F-O/o Pr. ADG-DGGI-ZU-MUMBAI,"{'message': ""Could not find the 'adjudication_formation' column of 'dggi_records' in the schema cache"", 'code': 'PGRST204', 'hint': None, 'details': None}"
24,DGGI/INT/INTL/126/2026-Gr E-O/o Pr. ADG-DGGI-ZU-MUMBAI,"{'message': ""Could not find the 'adjudication_formation' column of 'dggi_records' in the schema cache"", 'code': 'PGRST204', 'hint': None, 'details': None}"
25,DGGI/INT/INTL/98/2026-Gr E-O/o Pr. ADG-DGGI-ZU-MUMBAI,"{'message': ""Could not find the 'adjudication_formation' column of 'dggi_records' in the schema cache"", 'code': 'PGRST204', 'hint': None, 'details': None}"
26,DGGI/INT/INTL/137/2026-Gr E-O/o Pr. ADG-DGGI-ZU-MUMBAI,"{'message': ""Could not find the 'adjudication_formation' column of 'dggi_records' in the schema cache"", 'code': 'PGRST204', 'hint': None, 'details': None}"
27,DGGI/INT/17/2026-Gr A-O/o Pr. ADG-DGGI-ZU-MUMBAI,"{'message': ""Could not find the 'adjudication_formation' column of 'dggi_records' in the schema cache"", 'code': 'PGRST204', 'hint': None, 'details': None}"
28,DGGI/INT/INTL/151/2026-Gr B-O/o Pr. ADG-DGGI-ZU-MUMBAI,"{'message': ""Could not find the 'adjudication_formation' column of 'dggi_records' in the schema cache"", 'code': 'PGRST204', 'hint': None, 'details': None}"
29,DGGI/INT/INTL/197/2026-Gr C-O/o Pr. ADG-DGGI-ZU-MUMBAI,"{'message': ""Could not find the 'adjudication_formation' column of 'dggi_records' in the schema cache"", 'code': 'PGRST204', 'hint': None, 'details': None}"
30,DGGI/INT/INTL/198/2026-Gr B-O/o Pr. ADG-DGGI-ZU-MUMBAI,"{'message': ""Could not find the 'adjudication_formation' column of 'dggi_records' in the schema cache"", 'code': 'PGRST204', 'hint': None, 'details': None}"
31,DGGI/INV/GST/302/2026-Gr A-O/o Pr. ADG-DGGI-ZU-MUMBAI,"{'message': ""Could not find the 'adjudication_formation' column of 'dggi_records' in the schema cache"", 'code': 'PGRST204', 'hint': None, 'details': None}"
32,DGGI/INV/GST/305/2026-Gr A-O/o Pr. ADG-DGGI-ZU-MUMBAI,"{'message': ""Could not find the 'adjudication_formation' column of 'dggi_records' in the schema cache"", 'code': 'PGRST204', 'hint': None, 'details': None}"
33,DGGI/INV/GST/138/2026-Gr A-O/o Pr. ADG-DGGI-ZU-MUMBAI,"{'message': ""Could not find the 'adjudication_formation' column of 'dggi_records' in the schema cache"", 'code': 'PGRST204', 'hint': None, 'details': None}"
34,DGGI/INV/GST/306/2026-Gr A-O/o Pr. ADG-DGGI-ZU-MUMBAI,"{'message': ""Could not find the 'adjudication_formation' column of 'dggi_records' in the schema cache"", 'code': 'PGRST204', 'hint': None, 'details': None}"
35,DGGI/INT/INTL/991/2025-Gr D-O/o Pr. ADG-DGGI-ZU-MUMBAI,"{'message': ""Could not find the 'adjudication_formation' column of 'dggi_records' in the schema cache"", 'code': 'PGRST204', 'hint': None, 'details': None}"
36,DGGI/INT/INTL/206/2026-Gr C-O/o Pr. ADG-DGGI-ZU-MUMBAI,"{'message': ""Could not find the 'adjudication_formation' column of 'dggi_records' in the schema cache"", 'code': 'PGRST204', 'hint': None, 'details': None}"
37,DGGI/INT/INTL/223/2026-Gr E-O/o Pr. ADG-DGGI-ZU-MUMBAI,"{'message': ""Could not find the 'adjudication_formation' column of 'dggi_records' in the schema cache"", 'code': 'PGRST204', 'hint': None, 'details': None}"
38,DGGI/INT/INTL/224/2026-Gr A-O/o Pr. ADG-DGGI-ZU-MUMBAI,"{'message': ""Could not find the 'adjudication_formation' column of 'dggi_records' in the schema cache"", 'code': 'PGRST204', 'hint': None, 'details': None}"
39,DGGI/INV/GST/345/2026-Gr E-O/o Pr. ADG-DGGI-ZU-MUMBAI,"{'message': ""Could not find the 'adjudication_formation' column of 'dggi_records' in the schema cache"", 'code': 'PGRST204', 'hint': None, 'details': None}"
40,DGGI/INT/INTL/233/2026-Gr C-O/o Pr. ADG-DGGI-ZU-MUMBAI,"{'message': ""Could not find the 'adjudication_formation' column of 'dggi_records' in the schema cache"", 'code': 'PGRST204', 'hint': None, 'details': None}"
41,DGGI/INT/INTL/235/2026-Gr B-O/o Pr. ADG-DGGI-ZU-Mumbai,"{'message': ""Could not find the 'adjudication_formation' column of 'dggi_records' in the schema cache"", 'code': 'PGRST204', 'hint': None, 'details': None}"
42,DGGI/INT/INTL/239/2026-Gr E-O/o Pr. ADG-DGGI-ZU-MUMBAI,"{'message': ""Could not find the 'adjudication_formation' column of 'dggi_records' in the schema cache"", 'code': 'PGRST204', 'hint': None, 'details': None}"
43,DGGI/INT/INTL/227/2026-Gr C-O/o Pr. ADG-DGGI-ZU-MUMBAI,"{'message': ""Could not find the 'adjudication_formation' column of 'dggi_records' in the schema cache"", 'code': 'PGRST204', 'hint': None, 'details': None}"
44,DGGI/INT/INTL/227/2026-Gr C-O/o Pr. ADG-DGGI-ZU-MUMBAI,"{'message': ""Could not find the 'adjudication_formation' column of 'dggi_records' in the schema cache"", 'code': 'PGRST204', 'hint': None, 'details': None}"
45,DGGI/INT/INTL/243/2026-Gr E-O/o Pr. ADG-DGGI-ZU-MUMBAI,"{'message': ""Could not find the 'adjudication_formation' column of 'dggi_records' in the schema cache"", 'code': 'PGRST204', 'hint': None, 'details': None}"
46,DGGI/INV/REF/4/2026-Gr D-O/o Pr. ADG-DGGI-ZU-MUMBAI,"{'message': ""Could not find the 'adjudication_formation' column of 'dggi_records' in the schema cache"", 'code': 'PGRST204', 'hint': None, 'details': None}"
47,DGGI/INT/INTL/276/2026-Gr B-O/o Pr. ADG-DGGI-ZU-MUMBAI,"{'message': ""Could not find the 'adjudication_formation' column of 'dggi_records' in the schema cache"", 'code': 'PGRST204', 'hint': None, 'details': None}"
48,DGGI/INT/INTL/273/2026-Gr B-O/o Pr. ADG-DGGI-ZU-MUMBAI,"{'message': ""Could not find the 'adjudication_formation' column of 'dggi_records' in the schema cache"", 'code': 'PGRST204', 'hint': None, 'details': None}"
49,DGGI/INT/INTL/150/2026-Gr B-O/o Pr. ADG-DGGI-ZU-MUMBAI,"{'message': ""Could not find the 'adjudication_formation' column of 'dggi_records' in the schema cache"", 'code': 'PGRST204', 'hint': None, 'details': None}"
50,DGGI/INT/INTL/308/2026-Gr E-O/o Pr. ADG-DGGI-ZU-MUMBAI,"{'message': ""Could not find the 'adjudication_formation' column of 'dggi_records' in the schema cache"", 'code': 'PGRST204', 'hint': None, 'details': None}"
51,DGGI/INT/INTL/307/2026-Gr E-O/o Pr. ADG-DGGI-ZU-MUMBAI,"{'message': ""Could not find the 'adjudication_formation' column of 'dggi_records' in the schema cache"", 'code': 'PGRST204', 'hint': None, 'details': None}"
52,DGGI/INT/INTL/306/2026-Gr E-O/o Pr. ADG-DGGI-ZU-MUMBAI,"{'message': ""Could not find the 'adjudication_formation' column of 'dggi_records' in the schema cache"", 'code': 'PGRST204', 'hint': None, 'details': None}"
53,DGGI/INT/INTL/292/2026-Gr E-O/o Pr. ADG-DGGI-ZU-MUMBAI,"{'message': ""Could not find the 'adjudication_formation' column of 'dggi_records' in the schema cache"", 'code': 'PGRST204', 'hint': None, 'details': None}"
54,DGGI/INT/INTL/318/2026-Gr B-O/o Pr. ADG-DGGI-ZU-MUMBAI,"{'message': ""Could not find the 'adjudication_formation' column of 'dggi_records' in the schema cache"", 'code': 'PGRST204', 'hint': None, 'details': None}"
55,DGGI/INT/INTL/330/2026-Gr C-O/o Pr. ADG-DGGI-ZU-MUMBAI,"{'message': ""Could not find the 'adjudication_formation' column of 'dggi_records' in the schema cache"", 'code': 'PGRST204', 'hint': None, 'details': None}"
56,DGGI/INT/INTL/337/2026-Gr B-O/o Pr. ADG-DGGI-ZU-MUMBAI,"{'message': ""Could not find the 'adjudication_formation' column of 'dggi_records' in the schema cache"", 'code': 'PGRST204', 'hint': None, 'details': None}"
57,DGGI/INT/INTL/338/2026-Gr B-O/o Pr. ADG-DGGI-ZU-MUMBAI,"{'message': ""Could not find the 'adjudication_formation' column of 'dggi_records' in the schema cache"", 'code': 'PGRST204', 'hint': None, 'details': None}"
58,DGGI/INT/INTL/340/2026-Gr C-O/o Pr. ADG-DGGI-ZU-MUMBAI,"{'message': ""Could not find the 'adjudication_formation' column of 'dggi_records' in the schema cache"", 'code': 'PGRST204', 'hint': None, 'details': None}"
59,DGGI/INT/INTL/340/2026-Gr C-O/o Pr. ADG-DGGI-ZU-MUMBAI,"{'message': ""Could not find the 'adjudication_formation' column of 'dggi_records' in the schema cache"", 'code': 'PGRST204', 'hint': None, 'details': None}"
60,DGGI/INT/INTL/353/2026-Gr B-O/o Pr. ADG-DGGI-ZU-MUMBAI,"{'message': ""Could not find the 'adjudication_formation' column of 'dggi_records' in the schema cache"", 'code': 'PGRST204', 'hint': None, 'details': None}"
61,DGGI/INT/INTL/361/2026-Gr E-O/o Pr. ADG-DGGI-ZU-MUMBAI,"{'message': ""Could not find the 'adjudication_formation' column of 'dggi_records' in the schema cache"", 'code': 'PGRST204', 'hint': None, 'details': None}"
62,DGGI/INT/INTL/360/2026-Gr E-O/o Pr. ADG-DGGI-ZU-MUMBAI,"{'message': ""Could not find the 'adjudication_formation' column of 'dggi_records' in the schema cache"", 'code': 'PGRST204', 'hint': None, 'details': None}"
63,DGGI/INT/INTL/366/2026-Gr F-O/o Pr. ADG-DGGI-ZU-MUMBAI,"{'message': ""Could not find the 'adjudication_formation' column of 'dggi_records' in the schema cache"", 'code': 'PGRST204', 'hint': None, 'details': None}"
64,DGGI/INT/INTL/371/2026-Gr D-O/o Pr. ADG-DGGI-ZU-MUMBAI,"{'message': ""Could not find the 'adjudication_formation' column of 'dggi_records' in the schema cache"", 'code': 'PGRST204', 'hint': None, 'details': None}"
65,DGGI/INT/INTL/377/2026-Gr B-O/o Pr. ADG-DGGI-ZU-MUMBAI,"{'message': ""Could not find the 'adjudication_formation' column of 'dggi_records' in the schema cache"", 'code': 'PGRST204', 'hint': None, 'details': None}"
66,DGGI/INT/INTL/378/2026-Gr D-O/o Pr. ADG-DGGI-ZU-MUMBAI,"{'message': ""Could not find the 'adjudication_formation' column of 'dggi_records' in the schema cache"", 'code': 'PGRST204', 'hint': None, 'details': None}"
67,DGGI/INT/INTL/383/2026-Gr B-O/o Pr. ADG-DGGI-ZU-MUMBAI,"{'message': ""Could not find the 'adjudication_formation' column of 'dggi_records' in the schema cache"", 'code': 'PGRST204', 'hint': None, 'details': None}"
68,DGGI/INV/GST/1630/2026-Gr F(A)-O/o Pr. ADG-DGGI-ZU-MUMBAI,"{'message': ""Could not find the 'adjudication_formation' column of 'dggi_records' in the schema cache"", 'code': 'PGRST204', 'hint': None, 'details': None}"
69,DGGI/INT/32/2026-Gr F(A)-O/o Pr. ADG-DGGI-ZU-MUMBAI,"{'message': ""Could not find the 'adjudication_formation' column of 'dggi_records' in the schema cache"", 'code': 'PGRST204', 'hint': None, 'details': None}"
70,DGGI/INV/GST/649/2026-Gr F(A)-O/o Pr. ADG-DGGI-ZU-MUMBAI,"{'message': ""Could not find the 'adjudication_formation' column of 'dggi_records' in the schema cache"", 'code': 'PGRST204', 'hint': None, 'details': None}"
71,DGGI/INV/GST/623/2026-Gr F(A)-O/o Pr. ADG-DGGI-ZU-MUMBAI,"{'message': ""Could not find the 'adjudication_formation' column of 'dggi_records' in the schema cache"", 'code': 'PGRST204', 'hint': None, 'details': None}"
72,DGGI/INV/GST/654/2026-Gr F(A)-O/o Pr. ADG-DGGI-ZU-MUMBAI,"{'message': ""Could not find the 'adjudication_formation' column of 'dggi_records' in the schema cache"", 'code': 'PGRST204', 'hint': None, 'details': None}"
73,DGGI/INT/MISC/163/2026-INT-O/o Pr. ADG-DGGI-ZU-MUMBAI,"{'message': ""Could not find the 'adjudication_formation' column of 'dggi_records' in the schema cache"", 'code': 'PGRST204', 'hint': None, 'details': None}"
74,DGGI/INT/INTL/434/2026-Gr D-O/o Pr. ADG-DGGI-ZU-MUMBAI,"{'message': ""Could not find the 'adjudication_formation' column of 'dggi_records' in the schema cache"", 'code': 'PGRST204', 'hint': None, 'details': None}"
75,DGGI/INT/INTL/441/2026-Gr B-O/o Pr. ADG-DGGI-ZU-MUMBAI,"{'message': ""Could not find the 'adjudication_formation' column of 'dggi_records' in the schema cache"", 'code': 'PGRST204', 'hint': None, 'details': None}"
76,DGGI/INT/INTL/442/2026-Gr B-O/o Pr. ADG-DGGI-ZU-MUMBAI,"{'message': ""Could not find the 'adjudication_formation' column of 'dggi_records' in the schema cache"", 'code': 'PGRST204', 'hint': None, 'details': None}"
77,DGGI/INT/INTL/451/2026-Gr B-O/o Pr. ADG-DGGI-ZU-MUMBAI,"{'message': ""Could not find the 'adjudication_formation' column of 'dggi_records' in the schema cache"", 'code': 'PGRST204', 'hint': None, 'details': None}"
78,DGGI/INT/INTL/452/2026-Gr B-O/o Pr. ADG-DGGI-ZU-MUMBAI,"{'message': ""Could not find the 'adjudication_formation' column of 'dggi_records' in the schema cache"", 'code': 'PGRST204', 'hint': None, 'details': None}"
79,DGGI/INT/INTL/454/2026-Gr D-O/o Pr. ADG-DGGI-ZU-MUMBAI,"{'message': ""Could not find the 'adjudication_formation' column of 'dggi_records' in the schema cache"", 'code': 'PGRST204', 'hint': None, 'details': None}"
80,DGGI/INT/INTL/458/2026-Gr E-O/o Pr. ADG-DGGI-ZU-MUMBAI,"{'message': ""Could not find the 'adjudication_formation' column of 'dggi_records' in the schema cache"", 'code': 'PGRST204', 'hint': None, 'details': None}"
81,DGGI/INT/INTL/459/2026-Gr E-O/o Pr. ADG-DGGI-ZU-MUMBAI,"{'message': ""Could not find the 'adjudication_formation' column of 'dggi_records' in the schema cache"", 'code': 'PGRST204', 'hint': None, 'details': None}"
82,DGGI/INT/MISC/76/2026-Gr F(A)-O/o Pr. ADG-DGGI-ZU-MUMBAI,"{'message': ""Could not find the 'adjudication_formation' column of 'dggi_records' in the schema cache"", 'code': 'PGRST204', 'hint': None, 'details': None}"
83,DGGI/84/2026-Gr EO/o Pr. ADG-DGGI-ZU-MUMBAI,"{'message': ""Could not find the 'adjudication_formation' column of 'dggi_records' in the schema cache"", 'code': 'PGRST204', 'hint': None, 'details': None}"
84,DGGI/INT/INTL/482/2026-Gr C-O/o Pr. ADG-DGGI-ZU-MUMBAI,"{'message': ""Could not find the 'adjudication_formation' column of 'dggi_records' in the schema cache"", 'code': 'PGRST204', 'hint': None, 'details': None}"
85,DGGI/INT/INTL/483/2026-Gr C-O/o Pr. ADG-DGGI-ZU-MUMBAI,"{'message': ""Could not find the 'adjudication_formation' column of 'dggi_records' in the schema cache"", 'code': 'PGRST204', 'hint': None, 'details': None}"
86,DGGI/INT/INTL/484/2026-Gr C-O/o Pr. ADG-DGGI-ZU-MUMBAI,"{'message': ""Could not find the 'adjudication_formation' column of 'dggi_records' in the schema cache"", 'code': 'PGRST204', 'hint': None, 'details': None}"
87,DGGI/INT/INTL/486/2026-Gr C-O/o Pr. ADG-DGGI-ZU-MUMBAI,"{'message': ""Could not find the 'adjudication_formation' column of 'dggi_records' in the schema cache"", 'code': 'PGRST204', 'hint': None, 'details': None}"
88,DGGI/INV/GST/817/2026-Gr E-O/o Pr. ADG-DGGI-ZU-MUMBAI,"{'message': ""Could not find the 'adjudication_formation' column of 'dggi_records' in the schema cache"", 'code': 'PGRST204', 'hint': None, 'details': None}"
89,DGGI/INV/GST/818/2026-Gr E-O/o Pr. ADG-DGGI-ZU-MUMBAI,"{'message': ""Could not find the 'adjudication_formation' column of 'dggi_records' in the schema cache"", 'code': 'PGRST204', 'hint': None, 'details': None}"
90,DGGI/INT/INTL/499/2026-Gr B-O/o Pr. ADG-DGGI-ZU-MUMBAI,"{'message': ""Could not find the 'adjudication_formation' column of 'dggi_records' in the schema cache"", 'code': 'PGRST204', 'hint': None, 'details': None}"
91,DGGI/INT/INTL/503/2026-Gr B-O/o Pr. ADG-DGGI-ZU-MUMBAI,"{'message': ""Could not find the 'adjudication_formation' column of 'dggi_records' in the schema cache"", 'code': 'PGRST204', 'hint': None, 'details': None}"
92,DGGI/INT/INTL/495/2026-Gr E-O/o Pr. ADG-DGGI-ZU-MUMBAI,"{'message': ""Could not find the 'adjudication_formation' column of 'dggi_records' in the schema cache"", 'code': 'PGRST204', 'hint': None, 'details': None}"
93,DGGI/INT/INTL/454/2026-Gr D-O/o Pr. ADG-DGGI-ZU-MUMBAI,"{'message': ""Could not find the 'adjudication_formation' column of 'dggi_records' in the schema cache"", 'code': 'PGRST204', 'hint': None, 'details': None}"
94,DGGI/INT/CORR/OTH/6/2026-INT-O/o Pr. ADG-DGGI-ZU-MUMBAI,"{'message': ""Could not find the 'adjudication_formation' column of 'dggi_records' in the schema cache"", 'code': 'PGRST204', 'hint': None, 'details': None}"
95,DGGI/INT/INTL/515/2026-DD/AD-VI-O/o Pr. ADG-DGGI-ZU-MUMBAI,"{'message': ""Could not find the 'adjudication_formation' column of 'dggi_records' in the schema cache"", 'code': 'PGRST204', 'hint': None, 'details': None}"
96,DGGI/INT/INTL/516/2026-DD/AD-VI-O/o Pr. ADG-DGGI-ZU-MUMBAI,"{'message': ""Could not find the 'adjudication_formation' column of 'dggi_records' in the schema cache"", 'code': 'PGRST204', 'hint': None, 'details': None}"
97,DGGI/INT/INTL/518/2026-Gr B-O/o Pr. ADG-DGGI-ZU-MUMBAI,"{'message': ""Could not find the 'adjudication_formation' column of 'dggi_records' in the schema cache"", 'code': 'PGRST204', 'hint': None, 'details': None}"
98,DGGI/INV/GST/871/2026-Gr B-O/o Pr. ADG-DGGI-ZU-MUMBAI,"{'message': ""Could not find the 'adjudication_formation' column of 'dggi_records' in the schema cache"", 'code': 'PGRST204', 'hint': None, 'details': None}"
99,DGGI/INV/GST/872/2026-Gr B-O/o Pr. ADG-DGGI-ZU-MUMBAI,"{'message': ""Could not find the 'adjudication_formation' column of 'dggi_records' in the schema cache"", 'code': 'PGRST204', 'hint': None, 'details': None}"
100,DGGI/INV/GST/873/2026-Gr B-O/o Pr. ADG-DGGI-ZU-MUMBAI,"{'message': ""Could not find the 'adjudication_formation' column of 'dggi_records' in the schema cache"", 'code': 'PGRST204', 'hint': None, 'details': None}"
101,DGGI/INV/GST/874/2026-Gr B-O/o Pr. ADG-DGGI-ZU-MUMBAI,"{'message': ""Could not find the 'adjudication_formation' column of 'dggi_records' in the schema cache"", 'code': 'PGRST204', 'hint': None, 'details': None}"
102,DGGI/INV/GST/875/2026-Gr B-O/o Pr. ADG-DGGI-ZU-MUMBAI,"{'message': ""Could not find the 'adjudication_formation' column of 'dggi_records' in the schema cache"", 'code': 'PGRST204', 'hint': None, 'details': None}"
103,DGGI/INV/GST/859/2026-Gr B-O/o Pr. ADG-DGGI-ZU-MUMBAI,"{'message': ""Could not find the 'adjudication_formation' column of 'dggi_records' in the schema cache"", 'code': 'PGRST204', 'hint': None, 'details': None}"
104,DGGI/INV/GST/876/2026-Gr B-O/o Pr. ADG-DGGI-ZU-MUMBAI,"{'message': ""Could not find the 'adjudication_formation' column of 'dggi_records' in the schema cache"", 'code': 'PGRST204', 'hint': None, 'details': None}"
105,DGGI/INV/GST/863/2026-Gr B-O/o Pr. ADG-DGGI-ZU-MUMBAI,"{'message': ""Could not find the 'adjudication_formation' column of 'dggi_records' in the schema cache"", 'code': 'PGRST204', 'hint': None, 'details': None}"
106,DGGI/INV/GST/877/2026-Gr B-O/o Pr. ADG-DGGI-ZU-MUMBAI,"{'message': ""Could not find the 'adjudication_formation' column of 'dggi_records' in the schema cache"", 'code': 'PGRST204', 'hint': None, 'details': None}"
107,DGGI/INV/GST/878/2026-Gr B-O/o Pr. ADG-DGGI-ZU-MUMBAI,"{'message': ""Could not find the 'adjudication_formation' column of 'dggi_records' in the schema cache"", 'code': 'PGRST204', 'hint': None, 'details': None}"
108,DGGI/INV/GST/862/2026-Gr B-O/o Pr. ADG-DGGI-ZU-MUMBAI,"{'message': ""Could not find the 'adjudication_formation' column of 'dggi_records' in the schema cache"", 'code': 'PGRST204', 'hint': None, 'details': None}"
109,DGGI/INV/GST/879/2026-Gr B-O/o Pr. ADG-DGGI-ZU-MUMBAI,"{'message': ""Could not find the 'adjudication_formation' column of 'dggi_records' in the schema cache"", 'code': 'PGRST204', 'hint': None, 'details': None}"
110,DGGI/INV/GST/882/2026-Gr B-O/o Pr. ADG-DGGI-ZU-MUMBAI,"{'message': ""Could not find the 'adjudication_formation' column of 'dggi_records' in the schema cache"", 'code': 'PGRST204', 'hint': None, 'details': None}"
111,DGGI/INV/GST/881/2026-Gr B-O/o Pr. ADG-DGGI-ZU-MUMBAI,"{'message': ""Could not find the 'adjudication_formation' column of 'dggi_records' in the schema cache"", 'code': 'PGRST204', 'hint': None, 'details': None}"
112,DGGI/INV/GST/534/2026-DD/AD-I-O/o Pr. ADG-DGGI-ZU-MUMBAI,"{'message': ""Could not find the 'adjudication_formation' column of 'dggi_records' in the schema cache"", 'code': 'PGRST204', 'hint': None, 'details': None}"
113,DGGI/INT/COMP/GEN/59/2026-INT-O/o Pr. ADG-DGGI-ZU-MUMBAI,"{'message': ""Could not find the 'adjudication_formation' column of 'dggi_records' in the schema cache"", 'code': 'PGRST204', 'hint': None, 'details': None}"
114,DGGI/INT/INTL/539/2026-Gr C-O/o Pr. ADG-DGGI-ZU-MUMBAI,"{'message': ""Could not find the 'adjudication_formation' column of 'dggi_records' in the schema cache"", 'code': 'PGRST204', 'hint': None, 'details': None}"
115,DGGI/INT/INTL/559/2026-Gr C-O/o Pr. ADG-DGGI-ZU-MUMBAI,"{'message': ""Could not find the 'adjudication_formation' column of 'dggi_records' in the schema cache"", 'code': 'PGRST204', 'hint': None, 'details': None}"
116,DGGI/INV/52/2026-Gr F(A)-O/o Pr. ADG-DGGI-ZU-MUMBAI,"{'message': ""Could not find the 'adjudication_formation' column of 'dggi_records' in the schema cache"", 'code': 'PGRST204', 'hint': None, 'details': None}"
117,DGGI/92/2026-Gr F(A)-O/o Pr. ADG-DGGI-ZU-MUMBAI,"{'message': ""Could not find the 'adjudication_formation' column of 'dggi_records' in the schema cache"", 'code': 'PGRST204', 'hint': None, 'details': None}"
118,DGGI/INT/INTL/552/2026-Gr B-O/o Pr. ADG-DGGI-ZU-MUMBAI,"{'message': ""Could not find the 'adjudication_formation' column of 'dggi_records' in the schema cache"", 'code': 'PGRST204', 'hint': None, 'details': None}"
119,DGGI/INT/INTL/557/2026-Gr B-O/o Pr. ADG-DGGI-ZU-MUMBAI,"{'message': ""Could not find the 'adjudication_formation' column of 'dggi_records' in the schema cache"", 'code': 'PGRST204', 'hint': None, 'details': None}"
120,DGGI/INT/INTL/573/2026-Gr B-O/o Pr. ADG-DGGI-ZU-MUMBAI,"{'message': ""Could not find the 'adjudication_formation' column of 'dggi_records' in the schema cache"", 'code': 'PGRST204', 'hint': None, 'details': None}"
121,DGGI/INT/INTL/574/2026-Gr B-O/o Pr. ADG-DGGI-ZU-MUMBAI,"{'message': ""Could not find the 'adjudication_formation' column of 'dggi_records' in the schema cache"", 'code': 'PGRST204', 'hint': None, 'details': None}"
122,DGGI/INT/INTL/578/2026-Gr E-O/o Pr. ADG-DGGI-ZU-MUMBAI,"{'message': ""Could not find the 'adjudication_formation' column of 'dggi_records' in the schema cache"", 'code': 'PGRST204', 'hint': None, 'details': None}"
123,DGGI/102/2026-Gr F(A)-O/o Pr. ADG-DGGI-ZU-MUMBAI,"{'message': ""Could not find the 'adjudication_formation' column of 'dggi_records' in the schema cache"", 'code': 'PGRST204', 'hint': None, 'details': None}"
124,DGGI/103/2026-Gr F(A)-O/o Pr. ADG-DGGI-ZU-MUMBAI,"{'message': ""Could not find the 'adjudication_formation' column of 'dggi_records' in the schema cache"", 'code': 'PGRST204', 'hint': None, 'details': None}"
125,DGGI/104/2026-Gr F(A)-O/o Pr. ADG-DGGI-ZU-MUMBAI,"{'message': ""Could not find the 'adjudication_formation' column of 'dggi_records' in the schema cache"", 'code': 'PGRST204', 'hint': None, 'details': None}"
126,DGGI/105/2026-Gr F(A)-O/o Pr. ADG-DGGI-ZU-MUMBAI,"{'message': ""Could not find the 'adjudication_formation' column of 'dggi_records' in the schema cache"", 'code': 'PGRST204', 'hint': None, 'details': None}"
127,DGGI/INT/INTL/586/2026-Gr B-O/o Pr. ADG-DGGI-ZU-MUMBAI,"{'message': ""Could not find the 'adjudication_formation' column of 'dggi_records' in the schema cache"", 'code': 'PGRST204', 'hint': None, 'details': None}"
128,DGGI/INT/INTL/611/2026-Gr A-O/o Pr. ADG-DGGI-ZU-MUMBAI,"{'message': ""Could not find the 'adjudication_formation' column of 'dggi_records' in the schema cache"", 'code': 'PGRST204', 'hint': None, 'details': None}"
